time_m,excess_return_2,excess_return_3,excess_return_4,excess_return_5,average_excess_return,risk_free_rate,forward_1_2,forward_2_3,forward_3_4,forward_4_5
1982-03,0.048688168924602454,0.0862226825655038,0.11977791089386988,0.14247371293649166,0.09929061883011694,0.13656610326598098,0.13988250575070163,0.13945292354039707,0.14092567549330864,0.12074467590702831
1982-04,0.05022934374473931,0.08473150257624179,0.11139420697100771,0.13434898376344462,0.09517600926385836,0.13304825785073088,0.13685535634838503,0.13248442120026266,0.1292927700305055,0.12511592755309475
1982-05,0.040312556427663376,0.07233636336795521,0.09558931702172693,0.11585776327495464,0.08102400002307504,0.12812127709242463,0.13284901324839102,0.13557368624229282,0.12835560253969736,0.132219562628219
1982-06,0.04766197484636131,0.0856932159024491,0.10852642456195877,0.1450321508707183,0.09672844154537187,0.1396287907543453,0.14165076584450886,0.1444891579267532,0.1277201496500624,0.14800001064473456
1982-07,0.03143003497514853,0.05362511836665022,0.06029468125434463,0.0813535332718159,0.05667584196698981,0.12238920394166401,0.1341822721278993,0.13410725270840834,0.12137589975179314,0.1481838921197185
1982-08,0.017154517494698096,0.03525537334354961,0.05152935897412242,0.046944808266002946,0.03772101451959327,0.11234516755383622,0.1203699968585748,0.13176207359904124,0.13307481728891118,0.12214637624823926
1982-09,0.02059808134698221,0.027496298324415552,0.0236114377879435,0.03771370208014113,0.0273548798848706,0.10202543384568974,0.11682373429979714,0.11640526174225374,0.11038602314137075,0.12520801600124143
1982-10,0.009693425989244414,0.015895714931377022,-0.0057439287597362415,-0.018510331120498394,0.0003337202600967003,0.09422604844963518,0.10501029863459226,0.11764043539104574,0.09479879572788624,0.10633724658511284
1982-11,0.005379129124161941,0.005182895171524718,0.012074546601974365,-0.012677473405209486,0.0024897743731128845,0.09210932045847882,0.10215980394606734,0.11091389834405016,0.118757191080471,0.09915137469184276
1982-12,0.0024038909155421895,-0.0005229653040098869,-0.0012029408499120708,-0.018318599642933697,-0.004410153720328366,0.08467533603541533,0.10096988445222799,0.10965504343750293,0.1110780580080567,0.10726088792563199
1983-01,0.0046739722647907295,0.006729678162829211,-0.0049462996745238685,-0.0013587161053248975,0.0012746586619427937,0.08711861387500086,0.10029135971062722,0.11346690961005565,0.09913547350055851,0.12291385232844798
1983-02,-0.0010038503160749446,-0.013475951565402683,-0.017476143509508102,-0.035345363359784165,-0.016825327187692474,0.08476724254513845,0.0981736668971527,0.1031035400321296,0.11090652535281353,0.10574391622779378
1983-03,-0.004166196336517131,-0.016476378577506542,-0.03956880497780253,-0.04665213406199832,-0.02671587848845613,0.09119433682609919,0.1019184098994957,0.10737044716494257,0.09804887386440653,0.12159235025028325
1983-04,-0.009077931021175836,-0.03104927013451629,-0.050368056242220446,-0.0668185807957201,-0.03932845954840817,0.0866260126036457,0.09798226236876019,0.10263006563573956,0.10216115076065785,0.11226454867252628
1983-05,-0.015375423486313614,-0.0435555916574636,-0.06706077884637442,-0.08920917373927507,-0.05380024193235668,0.09253645682072766,0.10354987930200098,0.10510264888592563,0.11195111637499128,0.11524837169197877
1983-06,-0.01240912320934226,-0.044412813369436435,-0.07076924233529343,-0.08510255809770824,-0.05317343425294509,0.09398879099814757,0.1064579168706654,0.10488694099055274,0.11149428433597502,0.12121331042798034
1983-07,-0.0036485414308476266,-0.017945667473300772,-0.01565605400283658,-0.021732811097642066,-0.014745768501156761,0.10275223715275077,0.11191216931690666,0.11470633686409873,0.12712504010224723,0.12025338565484456
1983-08,-0.0035045666106461176,-0.012229958198284319,-0.010288486459836932,-0.011524702095825012,-0.009386928341148095,0.1032154793638767,0.11366121775018972,0.11680083165833838,0.12673092695635874,0.12729772574540543
1983-09,-0.0015725177842493415,-0.01146698254641662,-0.023085934098997896,-0.016792648165025792,-0.013229520648672412,0.09622565295281493,0.1095070447648204,0.1142708836778428,0.1111057517090438,0.13336692930407468
1983-10,0.010236418105822015,0.011440944580833931,0.014490938446116916,0.017595409411643434,0.013440927636104074,0.09531687264534784,0.11143814644891313,0.1164384394189995,0.119103648945875,0.11954759714953439
1983-11,0.016589412588045138,0.018926432469180174,0.02894120577388258,0.019930707801766964,0.021096939658218714,0.0967806748219054,0.11111013229668738,0.11186553965002136,0.12390339469902661,0.11267140229781525
1983-12,0.0224026838357394,0.028613360234740176,0.03713122566892427,0.04403743400176438,0.033046175935292056,0.0985659935366858,0.112581899657055,0.11175803355395889,0.12437654671865361,0.12136416228521996
1984-01,0.02303594910968003,0.028886025393252954,0.038757852757352315,0.04064663960656455,0.03283161671671246,0.09561738744583649,0.11141120371201717,0.11081145133791159,0.11932626875924901,0.12130311833161345
1984-02,0.018812690301018842,0.022716048679310236,0.030308462620689147,0.02510762709313974,0.02423620717353949,0.09917751721322765,0.11557564128145734,0.11490671729691895,0.12361313607806984,0.12178329588279296
1984-03,0.023812329459870343,0.03650627390944765,0.0496657422468509,0.050114075784750814,0.040024605350229926,0.10608460623601283,0.11968062940593198,0.12114130026470252,0.12867567933447904,0.1262070975972866
1984-04,0.03537735125161781,0.05077507477915258,0.06853686143067941,0.07874432685475938,0.058358403579052295,0.10706019338993603,0.12460140474908002,0.121479936868362,0.12871507322602593,0.13244380068324196
1984-05,0.053013942672386544,0.09433266880434271,0.12946959710242267,0.16264055999570015,0.10986419214371301,0.11892530278831459,0.13328281705707562,0.1354563035639021,0.13739676658487943,0.14532297237725111
1984-06,0.05967702832595494,0.1026068846433024,0.1322517482659672,0.16296971603142174,0.11437634431666158,0.11886704008000766,0.13689063115064692,0.13785071330183202,0.13554662619039515,0.13908597805045975
1984-07,0.04748340202785148,0.07713263021293948,0.09623550549731028,0.11072880204474347,0.08289508494571118,0.11556071074775429,0.12900346290655187,0.12483542663178304,0.12633014274965004,0.13106970651401573
1984-08,0.04541471244169491,0.07324117734822193,0.10214539736713142,0.11662763926138449,0.08435723160460819,0.11716578436083584,0.12552622324597656,0.12478945521791135,0.1285339413813935,0.12747023376128613
1984-09,0.04393940925752603,0.07277266345185597,0.09866620023554053,0.11145476977633074,0.08170826068031331,0.11107956254906974,0.12416534844001008,0.12272470326162507,0.12707364337010257,0.12370682077672679
1984-10,0.037529581097909145,0.06079287171049387,0.08076811140042582,0.09029161073940027,0.06734554373705728,0.10120172834309112,0.11523391294398759,0.11605365508059201,0.11644312618400787,0.11491790063079671
1984-11,0.03285143766192093,0.05728453529924367,0.08727833590510285,0.09776789014002867,0.06879554975157404,0.09452071970864225,0.10952851976888632,0.11388862139432421,0.12168190026993086,0.112631569411282
1984-12,0.03076018845222174,0.06436909383948525,0.09107987735550094,0.12098448685420693,0.07679841162535371,0.0901792158213156,0.10554735715495811,0.11585868128446952,0.11445795395237984,0.12230293316820667
1985-01,0.029400598276070847,0.058285067481847,0.08714012075530181,0.10231610115310358,0.06928547191658081,0.08837525460233714,0.10496137505433867,0.10945444139514965,0.11941433148240121,0.10721781045611767
1985-02,0.03743218769477655,0.07591941659216209,0.12209665227829089,0.15323455115692972,0.09717070193053981,0.0967629509804385,0.11100335891862756,0.11602072213669093,0.12698413141034237,0.11477681570511589
1985-03,0.040536844256642196,0.08723286675971192,0.13700070537410153,0.16888941123787085,0.10841495690708161,0.09586829994606164,0.10844735581512521,0.11551621099707579,0.12575876405938669,0.11056046942411918
1985-04,0.0411132457188111,0.0830003152438701,0.1253786002948578,0.15867050241856906,0.10204066591902702,0.08922405349746222,0.10608221334082722,0.1109532865744991,0.122236335259162,0.11031466853121463
1985-05,0.02597546019570425,0.04985770661258332,0.07901267530873363,0.08431593345624985,0.05979044389331776,0.08026887438468908,0.09413757743194592,0.10225983828679946,0.11215200948397364,0.09774209799597555
1985-06,0.030735917048581612,0.06516901122053352,0.09544532021039841,0.11091873064237885,0.0755672447804731,0.07721360282469196,0.09492085698448456,0.10590176256773037,0.1083680102850052,0.09962747757147117
1985-07,0.03322009210139759,0.07325053446109656,0.10744349182536597,0.12769719888941222,0.08540282931931809,0.0815200608787004,0.09518619844669504,0.10722726746527925,0.11657640996658253,0.0957183426266296
1985-08,0.04198300567897639,0.07744351145339368,0.11929701699828082,0.1436133981357627,0.09558423306660341,0.08011151080428167,0.09696299031138433,0.09962972136248402,0.11298799186703307,0.09634914620149149
1985-09,0.035659035730667116,0.06843231381528389,0.10432808308621169,0.12404616083497744,0.08311639836678503,0.08022593918248405,0.09389144906729513,0.10118010658641802,0.11091825123593657,0.10286669853941272
1985-10,0.036439393207651105,0.0660227760154834,0.09885405465682404,0.12611677610300315,0.08185824999574043,0.07770433184607844,0.09279036446800729,0.09646788649407592,0.10539440129182226,0.10294697849618745
1985-11,0.031824092468270754,0.0583840161144195,0.09215635201854432,0.11736759526160327,0.07493301396570946,0.0766770821069654,0.08945552375700146,0.09168809966407168,0.10214201517635618,0.09962123052558619
1985-12,0.02164505768722927,0.04407401773294388,0.06742943441807404,0.0909308865131634,0.05601984908785265,0.07478716870273637,0.08224977589720602,0.08774717043636415,0.09239832366950068,0.09422463300533845
1986-01,0.02168302158980745,0.046836469991094726,0.06937694996959311,0.09013264907951275,0.05700727265750201,0.07556077677826782,0.08056997218937349,0.09055927820894641,0.0920418300583159,0.09368443715769437
1986-02,0.01744321335260622,0.032456557526709104,0.048102162699074455,0.06195342447984058,0.03998883951455759,0.073571171223851,0.0775334932393054,0.08080689572421357,0.08363891682647706,0.08616881442334406
1986-03,0.006828300542989385,0.015609238565409217,0.022506124579253634,0.026721825366437885,0.01791637226352253,0.06791051155848302,0.06882018849400606,0.07599092544499708,0.07867176356034986,0.07700657841715908
1986-04,0.0007019085749119108,0.004354883633354095,-0.0014288750081865864,-0.0053678484196843235,-0.00043498280490122596,0.06496896762201612,0.0690662170494401,0.07985805020817427,0.07702276640750341,0.07922225800208321
1986-05,0.006898483222398305,0.008647046675273204,0.017677655156855723,0.016126748503873675,0.012337483389600227,0.06816211723624167,0.0783775918699204,0.08299704078782333,0.09243883984845933,0.08340874321564501
1986-06,0.0030519091394665687,0.0024014826048106702,0.004716553867197229,-0.001877372369044325,0.0020731433106075357,0.06418493993590295,0.07146866839577846,0.07809170129514031,0.08415406713949072,0.07721445050617692
1986-07,-0.0019585342786216722,-0.0003192817178110999,-0.010235696143875712,-0.011884377364878441,-0.0060994723762967315,0.06196610634529746,0.06719682510558028,0.08238345260231311,0.07546463556258334,0.08265834082359402
1986-08,-0.008079458339669977,-0.021393646489353955,-0.03721329744478293,-0.054063580896197054,-0.030187495792500983,0.054979984632407934,0.06416921558806674,0.07113448632214592,0.0720327650640096,0.07004264334970339
1986-09,-0.010627493559457031,-0.025377755260198302,-0.036198872360972155,-0.054805105668919406,-0.03175230671238673,0.05823241333662801,0.06840682850180124,0.07502248196500877,0.08314862079064697,0.07935879163679266
1986-10,-0.0006190133731375155,-0.013583207615896438,-0.026011610592914076,-0.036819897290207106,-0.019258432218038784,0.05635097126035619,0.06688450368624363,0.0725631226504816,0.07568425705000834,0.08134913678960132
1986-11,-0.003886392032922334,-0.017801128635296662,-0.03126486515665648,-0.050784178754637074,-0.025934141144878138,0.0576314312887307,0.06512817601792292,0.06836967927223138,0.07440998728252723,0.07208525368792862
1986-12,-0.007105471399011173,-0.018202571269200427,-0.031753167316389844,-0.039624271286533605,-0.024171370317783762,0.060604718209976746,0.06531821039064954,0.06904290698437052,0.0707231809102491,0.08015628333193575
1987-01,-0.0023357724402763985,-0.008437012401869823,-0.013925038810842658,-0.02523181099364495,-0.012482408661658458,0.05888695059956604,0.06540582980765913,0.06950135007981752,0.07292873804777472,0.07069485808903303
1987-02,-0.00028371393287398433,-0.006292070195152731,-0.01103802205338849,-0.019195993178238106,-0.009202449839913328,0.060090279886699176,0.06579355155011068,0.06799331165411171,0.07231755264257794,0.07124475576579031
1987-03,-0.0012809653451263461,-0.006374965396915365,-0.014155338750852307,-0.02028685421450465,-0.010524530926849667,0.06199188795101667,0.06720998742257725,0.07177487754650544,0.07279087762997483,0.0794881232884403
1987-04,0.005492101690193499,0.006372909815051855,0.005471793870301625,-0.0015625430039409999,0.003943565592901495,0.0683643084745282,0.07620507514973208,0.0828065250490441,0.08316123141358095,0.0816312088784828
1987-05,0.00460248605628405,0.0036008964274007044,0.0014525316184933051,-0.005892743455397961,0.0009407926616950245,0.07147910864752209,0.08124847733494843,0.0834082313668768,0.08495964986862706,0.08505064699108045
1987-06,0.003650784307387009,0.003491818641190955,0.003756578231422239,0.004857693574734104,0.003939218688683577,0.0684167592563119,0.07874212782979621,0.08183899587710416,0.08380837674241848,0.0879728459268202
1987-07,0.0012700305762184394,0.00043885231672302627,-0.001467806563631685,-0.0032102260022816853,-0.0007422874182429762,0.06915535938420195,0.08074420004150254,0.08538104998864796,0.08430702204459675,0.08736699404327952
1987-08,0.0019183560661605314,0.00171255750028175,0.0009663895528846805,-0.0008443420570965615,0.0009382402655576001,0.07224867392773672,0.0844486744718299,0.08785241601943858,0.08689292680111751,0.09003376019309628
1987-09,0.010246844814519526,0.018794085159960047,0.03066817551417854,0.039652009535860996,0.024840278756129777,0.07903432206125828,0.08977274366575004,0.09396973789142082,0.09796502494473991,0.09452951546007121
1987-10,0.0065085988600867145,0.012116871888068148,0.02278635067687923,0.02414742976073994,0.01638981279644351,0.06750351705938115,0.08552731689324053,0.08811266002702597,0.09215742348689435,0.08555040430365546
1987-11,-0.002344589355417384,-0.0026694589951586495,0.0026824183406580354,0.004880164319315386,0.000637133577349347,0.06901456805084526,0.08228441587460571,0.08787372380388705,0.09160456728590921,0.09255867351342317
1987-12,-0.008576369739980272,-0.014539617859612275,-0.017390949473567535,-0.016924354509299383,-0.014357822895614866,0.07242368178966072,0.08014000685455977,0.08427377695743851,0.08802738730207951,0.09076864090400594
1988-01,-0.013225468610542662,-0.024096365900150726,-0.029903336887819834,-0.03847789734646219,-0.026425767186243853,0.06774160224793553,0.07560259004141094,0.07841676445674756,0.08200163027183532,0.08054200418727431
1988-02,-0.019536964759887615,-0.03515067139838507,-0.04704921940579568,-0.05932697123266564,-0.0402659566991835,0.06607726548298468,0.07400166791639046,0.0770635045008137,0.07940272689063993,0.08060561034590857
1988-03,-0.019079284342613897,-0.03214468137312913,-0.04089169341102654,-0.04356612727665986,-0.03392044660085736,0.0684909527677036,0.07686887759829446,0.08057125098391177,0.08561963875209264,0.08727589262629498
1988-04,-0.009069183606683115,-0.016049999406549498,-0.016565907694697735,-0.01719872739803885,-0.014720954526492299,0.07071297345953859,0.08192571692418574,0.08406234735833118,0.08866554575272542,0.08737155948698622
1988-05,-0.0032406165549346555,-0.000577064505340466,0.00583485093821158,0.012171214472314909,0.003547096087562842,0.07664599127866438,0.08440982099576015,0.08710801467753446,0.09239592206497171,0.091467163847955
1988-06,0.0010376834588581157,0.007866210009594393,0.014872789386821711,0.026129983350737906,0.012476666551503032,0.0750913435224092,0.08199796154330022,0.0835436171521872,0.08687173058350833,0.08820039227373433
1988-07,0.010233994248888503,0.025222232358356217,0.03777131132556549,0.05302297052809721,0.03156262711522685,0.0794741694652841,0.08621222824814337,0.08621368092495146,0.08910941348192952,0.08896902539171148
1988-08,0.006931824722121158,0.011183686009368629,0.02190668251945653,0.030278671315211184,0.017575216141539375,0.08253031840566936,0.08805821458531736,0.08763909474851458,0.09184449180307752,0.08961464035629607
1988-09,0.002560344629676567,0.005435867564748481,0.007837462781519644,0.014600059343627514,0.0076084335798930515,0.07952589885123051,0.0854224975459803,0.08609093459052142,0.08554568143838875,0.08829005107321847
1988-10,0.005044280262342757,0.010482581220786338,0.015005505319485565,0.020821009079593264,0.012838343970551981,0.07901871803315381,0.08250438699904454,0.08148794469808326,0.08418932521979475,0.08340411092764938
1988-11,0.011513355722815977,0.0229473004211595,0.03563317199573307,0.04453119174478992,0.028656254971124617,0.08462900523002309,0.08819859344362832,0.08625268995009253,0.09036092753476582,0.08722515658581048
1988-12,0.012245605468330423,0.02599221708107502,0.037093869592210754,0.04960271678443676,0.03123360223151324,0.08871637659454004,0.09023702507707052,0.09087871891603477,0.09030204593973779,0.09041486957578615
1989-01,0.00853184595150333,0.01514764973816847,0.02139850874784803,0.024027034995625515,0.017276259858286337,0.0888280586519536,0.08928766174635562,0.08780860125950443,0.08911656464591666,0.08662466570197386
1989-02,0.01218195145177274,0.019170746413963463,0.02884248750371582,0.03002153754878764,0.022554180729559916,0.09353863267627807,0.09267721113931116,0.09130127489805054,0.09288336217277854,0.0876161217354684
1989-03,0.0112208235683912,0.01815218991717013,0.021222703109043978,0.026686588841779962,0.019320576359096318,0.09594816194090836,0.093636648014427,0.09436665078999004,0.0899503264919283,0.09068791241545793
1989-04,0.005672253906599645,0.005007138435732514,0.0029316941789496592,-0.0019547616910320503,0.002914081207562442,0.09099490053086885,0.09104316315819756,0.08918145404087366,0.08800437919032733,0.08582098596681514
1989-05,0.0032354296987832515,0.004519816775156962,0.005151222924132823,0.0011860702116481686,0.0035231349024303013,0.0876504375506948,0.08444446262794027,0.08598400662141967,0.08513080031385167,0.08408977450950927
1989-06,-0.0025364810851281894,-0.004735322352204793,-0.011079160054131357,-0.013054908459247491,-0.007851467987677958,0.0809602780844421,0.07671509060145092,0.07986515120628102,0.07694319830981813,0.08267116595789864
1989-07,-0.005453595760896782,-0.007163491159859911,-0.01435193438555353,-0.02212341433008448,-0.012273108909098676,0.07597823399925487,0.07122544281548375,0.07656033451472025,0.07371736618917976,0.07420258253746781
1989-08,0.0073957736973706695,0.006397715450498331,0.0021308053826218087,-0.007646672715524161,0.002069405453741662,0.0811263898631962,0.08338723346126711,0.08112149529298962,0.08124265156054142,0.07978765319155279
1989-09,0.00696331165186391,0.00858152611338582,0.005947435432810025,-0.002132322987668925,0.004839987552597708,0.08286215291630374,0.0832154116554495,0.08314408622161759,0.0815274545111106,0.0808730552478984
1989-10,0.0014969992316347241,0.0036760942144694886,-0.0006691599383805424,-0.010562168296153085,-0.0015145586971073537,0.07746010673670178,0.07604964373963968,0.07966640112109552,0.07758860716754168,0.07727421801676532
1989-11,0.001696432217311833,0.005003480680987271,0.004116598164488894,-0.002907654931882414,0.001977214032726396,0.07668523772081234,0.074818745251749,0.07767505596019225,0.07832713683675363,0.07672824146564006
1989-12,0.007948968561604652,0.015052233619803984,0.014829523272685857,0.011652864107268263,0.012370897390340689,0.07799141960874009,0.07713210730329018,0.07920039342860205,0.07790602238356015,0.07619787216509927
1990-01,0.015105917123640192,0.025848809936603975,0.032994820899199515,0.03406572614768556,0.02700381852678231,0.08075581579485229,0.08119279747283929,0.0828657056362371,0.08399613945419637,0.08362177429086215
1990-02,0.019344973917740343,0.029641358055172387,0.03901504332618912,0.040238888085995225,0.03206006584627427,0.08049525968753841,0.08431247993585982,0.08321162108302618,0.08643707169039658,0.0843888099390302
1990-03,0.023217096282773728,0.034272835602064275,0.04190855961806171,0.042267154295716966,0.03541641144965417,0.0824158244460358,0.08743528444121111,0.08687981330005445,0.08522402668272194,0.08495378324735015
1990-04,0.02783560258721747,0.04622661614170591,0.05876760183663106,0.06187968310587742,0.048677375917857965,0.08537090925159792,0.08984656951174079,0.09007982344711019,0.09070744183679685,0.08770356888143216
1990-05,0.02230465482390656,0.0343002254946391,0.04572337811814067,0.04494397688474858,0.03681805883035873,0.08120903292915702,0.08469961954504596,0.08449939416487581,0.08805492722199393,0.08584323122619186
1990-06,0.01841682870864246,0.02773198196940581,0.03054573358911465,0.02689941665808314,0.025898490231311515,0.0792515716865791,0.08206399247335762,0.0832870360117447,0.08464691436301477,0.08461122003115745
1990-07,0.016516884653616726,0.02538608874520565,0.028070450090624866,0.024465451661718707,0.023609718787791487,0.07667903857638053,0.07827022991368338,0.08090580941487338,0.08197406248199876,0.08407021805436005
1990-08,0.025368913131476253,0.041258617510787285,0.05728339477878765,0.06279454781204473,0.04667636830827398,0.07599145976389644,0.08211955353986196,0.08550956162841794,0.08956513128969876,0.08967954730060262
1990-09,0.027672709002091234,0.04702682431939868,0.06496086271401863,0.07457583925251413,0.05355905882200567,0.0762521000035856,0.08152587176009568,0.0841615451916864,0.08895281366837735,0.08891881399403456
1990-10,0.025950478021620912,0.04733707238976774,0.06426696589183935,0.0727408533527767,0.052573842414001176,0.07455264450800496,0.07748730613826076,0.08193386132039171,0.08716722637453786,0.08707329570627603
1990-11,0.026213193352139036,0.0461886736815519,0.06326144543509635,0.06572141024572364,0.05034618067862773,0.07312231303443717,0.07436800749651681,0.07921401935325201,0.08375249456201136,0.08291869269652086
1990-12,0.030269136836344274,0.05549652404394827,0.07430316284152108,0.0820030394367022,0.06051796578962896,0.06918313874168552,0.07209712837040272,0.07812873273067827,0.07937453133051686,0.08379379520996005
1991-01,0.02885244686845262,0.04804432439762271,0.058923988828407936,0.060221101578280284,0.04901046541819089,0.0660868803491991,0.07212281282327332,0.07685012849160083,0.0825508690423761,0.07872512473096394
1991-02,0.029023876674934238,0.04510237432651601,0.058414856683786084,0.0585016848646359,0.047760698137468055,0.06496750601811947,0.07291523694559414,0.07706338641937985,0.08316496517922409,0.08038745391129493
1991-03,0.029730996875405508,0.042148247327876115,0.050675303134335575,0.0531101412173704,0.0439161721387469,0.06421818815843738,0.0758240739807639,0.0775883026667245,0.08459518856969489,0.08472498153406094
1991-04,0.027929450952069085,0.04204656606125885,0.052639423862989865,0.05106729812164432,0.043420684749490526,0.06201096692452332,0.07168880989262175,0.0781664561418717,0.0845914876121858,0.0810855971099691
1991-05,0.02993172046549724,0.04540004919806919,0.061413374487778165,0.06595181038250417,0.05067423863346219,0.0623949647211394,0.07250382349414328,0.07663177459849235,0.08662263245958396,0.08288393482058704
1991-06,0.033337221555295365,0.05982629177110048,0.08046915371061839,0.09026258876604298,0.0659738139507643,0.06364716376471516,0.07397188275098135,0.08183316274330593,0.08825753696218896,0.08583978819186372
1991-07,0.0363374201645767,0.06422402114417936,0.08895379940185466,0.10131085960471914,0.07270652507883246,0.06175334526006666,0.07203660532328446,0.07928970113657954,0.0876752164832662,0.08489363175872622
1991-08,0.035261839455827435,0.060982478196980605,0.08507074369622944,0.0949033683826867,0.06905460743293104,0.056750640408385705,0.06961985724910691,0.0735403540216984,0.08416839426734554,0.08117841747921517
1991-09,0.03375590732656774,0.06034260701255851,0.08314013848891297,0.09046137015264033,0.06692500574516988,0.053853162758004454,0.06480742987437893,0.0710187752737574,0.07930383745553907,0.0745235149479791
1991-10,0.024589297952794707,0.0415097694398802,0.057177388098272074,0.057437241987738884,0.04517842436967147,0.05153682811663985,0.060547266952244876,0.07023733287246625,0.07859940824533868,0.07462349232081478
1991-11,0.020017049695780678,0.03113327539581437,0.04351779118155158,0.042864978610343524,0.034383273720872534,0.04815481414437778,0.059238539023839146,0.06667972280846692,0.08045872788589356,0.07515701878421555
1991-12,0.016394924686825685,0.023595240870533343,0.033528429713886976,0.02695856723284737,0.025119290626023343,0.041827991534058445,0.05290134552307428,0.06056789253294405,0.07609391861477893,0.06478630110200181
1992-01,0.02301314166146793,0.044889100626096336,0.06312507110319174,0.06847218328982405,0.049874874170145016,0.04327036595482069,0.05765825096243075,0.07167120461159088,0.07742801198109159,0.07138698443878272
1992-02,0.02769583277407222,0.05232571967247867,0.07824298430899104,0.09085921819203452,0.06228093873689411,0.04389136027065991,0.06098488876779807,0.06985248282195401,0.08030062573044511,0.07780929642183448
1992-03,0.03164703620968761,0.06293337129719193,0.0889246790084211,0.10135135159780667,0.07121410952827684,0.04609307710535839,0.0651710522142539,0.07606813276323543,0.08229014345102612,0.07631121516173983
1992-04,0.031171533709416784,0.06253995237396925,0.09025292406053617,0.10866630867667604,0.07315767970514955,0.04375935894055267,0.06404934103268192,0.07399862981045478,0.08265772285131465,0.0815843762183181
1992-05,0.024556509671283124,0.047821263150602845,0.0697743829472901,0.08880919253508573,0.05774033707606545,0.04257210302864602,0.06116344586592041,0.07060930716987499,0.07834549892586104,0.0819079227720983
1992-06,0.02034733136331939,0.04330822801022135,0.06722402529098381,0.08494338133419166,0.05395574149967905,0.04063466119568599,0.05534409252750081,0.06761467502267106,0.07604635313643912,0.07593373192320516
1992-07,0.016552425178288394,0.03222647468476929,0.05077189149261806,0.0631356978396533,0.040671622298832255,0.03569918515870775,0.05140310015697691,0.06294543822559089,0.07253657155586174,0.0697482058497702
1992-08,0.014286339158388194,0.031247193301323445,0.052510141924351175,0.06721216257082609,0.04131395923872222,0.034358017793279474,0.047819715280545225,0.06008012876809671,0.0713457927927579,0.06754441744280756
1992-09,0.010698095507201938,0.02408751682135199,0.04203253442002626,0.05492132328823933,0.03293486750920488,0.031051522547811197,0.04443207558776663,0.056506305979184615,0.06720228328425173,0.06872401100387482
1992-10,0.018561032323592616,0.037298459830928714,0.061356631239605615,0.08106436197026265,0.049570121341097395,0.03595796899945016,0.05331686138538077,0.0629317895869468,0.07436363843134797,0.07461906239469981
1992-11,0.0192460093470216,0.0402229205424888,0.06347393971796328,0.0767118541355934,0.04991368093576677,0.03922148932805847,0.055563497108433224,0.06807421210015635,0.0758098313554236,0.07335802478450884
1992-12,0.017105327495294892,0.035712947463148695,0.056831655870160466,0.06838987134481762,0.04450995054335542,0.036506420836248596,0.05336757634923639,0.0661607297714253,0.07135616358304142,0.07532811020177932
1993-01,0.014628458981349887,0.027454437238205474,0.04186781560675137,0.05929183385530628,0.035810636420403254,0.034645109300962824,0.049795245646962465,0.05919204150399618,0.06603987225215041,0.0739809485881944
1993-02,0.004596779861321551,0.006797989506752887,0.014034466364718036,0.018590442690634763,0.01100491960585681,0.033289055993725856,0.045222595923547555,0.05438336109393274,0.06519306253879101,0.06767007123850857
1993-03,1.571842548900998e-05,-0.002079348007250903,-0.005037426392183061,-0.010375720008894265,-0.004369193995709805,0.033524016004566295,0.04478179767573112,0.056298835739796924,0.06388454257235426,0.06402072853832688
1993-04,-0.007206317538695051,-0.016164643236772802,-0.022892034976277953,-0.032288909052009734,-0.019637976200938885,0.032877807323265146,0.04263021114590232,0.05494475116474773,0.06317099160217823,0.0641292759683817
1993-05,-0.005627906499959631,-0.01491963307738494,-0.022901685672761886,-0.02849074388743384,-0.017984992284385076,0.03660693619463729,0.047344553690555256,0.056392379129173775,0.06287311318430266,0.06690922860339174
1993-06,-0.009617392905379551,-0.024682251326930194,-0.03680759605839713,-0.051805338947830556,-0.03072814480963436,0.03499676116418142,0.0446537783757691,0.052130555855676664,0.05821437587999731,0.06274115512226836
1993-07,-0.006062377131659739,-0.017273401657107,-0.028340024120616952,-0.03469641771152912,-0.021593055155228205,0.03485067497868852,0.04727138871910999,0.05399115474801297,0.05738439950273497,0.06678389679253802
1993-08,-0.011534544241349164,-0.028433383999539576,-0.044646728292552305,-0.05698644203029179,-0.03540027464093321,0.03353337612215703,0.043119274625161456,0.050082844169730176,0.05284239679633265,0.060302907814597406
1993-09,-0.015517081478841864,-0.03765875766207061,-0.0557144378272286,-0.07653500068305358,-0.04635631941279866,0.03373398008056469,0.04311688466503456,0.049257265685577464,0.05583522213566175,0.057032095962055246
1993-10,-0.016240189798663034,-0.040280228479093357,-0.06128984211667624,-0.08359689396401068,-0.05035178858961083,0.03475582906178815,0.0441943620796107,0.050305467022671066,0.05491133166404277,0.0566788634467815
1993-11,-0.02126885978827857,-0.045506049638323456,-0.06540599828140865,-0.08370228482782043,-0.053970798133957776,0.036317487761411624,0.04709730090468915,0.05255881217994912,0.060120110366878726,0.06125945286171658
1993-12,-0.023669224512597162,-0.05253882021351092,-0.06898629771220954,-0.08388202296668276,-0.0572690913512501,0.0362622488539415,0.0475531098035715,0.05023745517602965,0.06376989472712216,0.0627925146654531
1994-01,-0.021067750408618573,-0.044634953340922386,-0.06475251372687427,-0.0798149689065511,-0.05256754659574158,0.03516678666561258,0.04636606324714059,0.05162649388360452,0.05655693033963949,0.060893417638700154
1994-02,-0.011390519638482276,-0.023274046055858776,-0.03094987366692075,-0.037126884491118915,-0.02568533096309518,0.040625816062226004,0.052182151448501406,0.05795658568082586,0.06311409491259184,0.06546099625330407
1994-03,-0.00492501707752311,-0.0082938501470246,-0.01021693835393394,-0.011383485597896308,-0.008704822794094489,0.04476607925024211,0.058393902172536837,0.06684262095728642,0.06935902215503809,0.07091390663154618
1994-04,0.0013910233169291825,0.0040946015571958205,0.00823562123974192,0.010104956529255471,0.005956550660780598,0.04983652868459737,0.06390307686282548,0.06989838334168338,0.07352615004411348,0.0725233037424527
1994-05,0.008559153610338946,0.02102100930554298,0.032961233752136325,0.04487333525720715,0.026853682981306352,0.05297246019051489,0.06568410570659908,0.07085516577967961,0.0724982868180637,0.07370358041304337
1994-06,0.011829690325659933,0.02330470668561009,0.04106733683811932,0.05556570253476388,0.032941859096038306,0.05427117128114865,0.0671954142772273,0.07033972061146425,0.07773889801170178,0.07646870361252028
1994-07,0.009310626730459133,0.017772362399062692,0.027685100497658717,0.03734489783974327,0.023028246866730953,0.05333376585076973,0.06520217927346023,0.06845102196624492,0.07314029038345018,0.07367758978279715
1994-08,0.010766484886942276,0.02117109748302759,0.03255174911790058,0.04389662429169687,0.02709648894489183,0.05465381886651062,0.06698168392792059,0.06905574108934538,0.07264262155233689,0.0743302783110335
1994-09,0.014608940054791207,0.030632101018972797,0.04798301533125587,0.06511535480280645,0.03958485280195658,0.05863396614387643,0.07139894186880621,0.07389090230081974,0.07785265881788023,0.0790686066534434
1994-10,0.01905181003028089,0.039555050381139406,0.059896886011063966,0.08046351639794855,0.0497418157051082,0.060434551878273735,0.07434550570310139,0.07592094530162566,0.07898591529411594,0.080320997694736
1994-11,0.023585070870056013,0.05149099644437967,0.07546648834716085,0.09690340874551528,0.06186149110177795,0.06836616069296772,0.07679600202999401,0.08002005900996392,0.07955573940812835,0.07885311196307038
1994-12,0.027830810221292926,0.05729331502545175,0.08112369658237349,0.10057153542463677,0.06670483931343874,0.07122233431616866,0.0791070508769434,0.08021737222582079,0.07768823991992632,0.07558040566042074
1995-01,0.026171702160935825,0.054537383722369104,0.07751188171612174,0.09784320219383434,0.06401604244831526,0.06743381365575916,0.07519369681590833,0.07667449072559138,0.07595587281837698,0.07565872775428162
1995-02,0.01843671190395628,0.033596019461655954,0.0478032052182865,0.05932714158764375,0.03979076954288562,0.06357267108698368,0.06984011209820236,0.07078992252365382,0.07163800707750223,0.07223244439377746
1995-03,0.01573940522641179,0.027427188942324543,0.037709780431942175,0.04456850928262207,0.031361220970825145,0.06331891925005995,0.07021145402678791,0.07128211036194743,0.07208045387550854,0.07188177059109119
1995-04,0.011867642775449341,0.017852451120179844,0.023437331039388207,0.025028924400499794,0.019546587333879296,0.0625120535458963,0.06719480510141675,0.06938513036156738,0.07065396845293914,0.06879254561211734
1995-05,0.0018004938942596735,-0.003767752638227158,-0.009640981347556997,-0.01763226940353426,-0.0073101273737646855,0.05712495209626014,0.058393310084475576,0.06055806237147035,0.06179147890797254,0.06203768665838838
1995-06,0.0021204012050173374,-0.0016221549654714743,-0.006658542810663491,-0.014395858378226455,-0.005139038737336021,0.05536572395156738,0.058864704251514084,0.05997626785919255,0.06197033791587572,0.05864993404881516
1995-07,0.001309557372487849,0.000956109858089145,-0.0021555842106752363,-0.009345472030900685,-0.002308847252749732,0.05589155254300109,0.059989286297641366,0.06322755228485416,0.0640177924407126,0.06077682559553135
1995-08,0.0005657691256038197,-0.004759431413473923,-0.011109284736309517,-0.020638171333676937,-0.00898527958946414,0.056215199040978305,0.058651128493260075,0.061261969917463896,0.06298540313723722,0.06016144071372442
1995-09,0.0012242097906486823,-0.001705442872053202,-0.005941674438599866,-0.014607299996226238,-0.005257551879057656,0.05679000181401501,0.05786774133663814,0.06050174450559716,0.06193626718189282,0.05853981405770883
1995-10,0.0010392959958720263,0.0009712299073671091,-0.0007461538817965865,-0.00765687836338106,-0.0015981265854846279,0.055293695672820505,0.05541770495076714,0.058644079664191384,0.059754367307851414,0.05724440594626898
1995-11,-0.0014184258293489238,-0.0025096829670670645,-0.004258818493903083,-0.0089343733355155,-0.004280325156458643,0.053210931159937996,0.05211413343564027,0.055580247505347166,0.057416191564715946,0.0544968328366319
1995-12,-0.003808324426415294,-0.011104372137742187,-0.018454689927951788,-0.02878557535502465,-0.01553824046178348,0.05127624065565047,0.05075486742166197,0.05385785836300458,0.05613256681815745,0.053366746783212765
1996-01,-0.006412803405790493,-0.01501656214998899,-0.02337304790261399,-0.03284210201759344,-0.01941112886899673,0.049021994654972506,0.0483088091641581,0.05298137482462435,0.05532740727656901,0.0539467994681285
1996-02,-6.893393214184307e-05,-0.00669849941358714,-0.011089847155140768,-0.018199699228872233,-0.009014244932435496,0.05140340019424607,0.05563061496595415,0.05743082132087168,0.06070850802442021,0.05814207268177349
1996-03,0.00048213672050852197,-0.00522335661219004,-0.009458264269730766,-0.01754301619868518,-0.007935625090024366,0.05447204880037613,0.059594326646034666,0.06179786238589091,0.06502304174041129,0.061420553417171286
1996-04,0.005349964064802273,0.00469454106049693,0.005438843377042445,0.002733210382307609,0.004554139721162314,0.05532716232596741,0.06340032201683687,0.06506908853373078,0.06720095225100575,0.06494842991870575
1996-05,0.00842632097232969,0.011819406189083378,0.01581852557616971,0.015857166108521933,0.012980354711526178,0.0565928161902159,0.06612630890395718,0.06766470761730238,0.07002897471436564,0.06761980549445679
1996-06,0.007640220938841591,0.010990561557623624,0.013295568376901212,0.011326371453162565,0.010813180581632248,0.05674430304649675,0.06371882402968136,0.06700672576106774,0.06638724961637812,0.065162617073656
1996-07,0.008564337113376876,0.017797271654045994,0.026853726538957352,0.034268992555792833,0.021871081965543264,0.05867972892515352,0.06358099979925286,0.06712948650947698,0.0679667134157568,0.06724941680471713
1996-08,0.009400971304527092,0.018293215880518646,0.024612214180839156,0.02873872107388463,0.02026128060994238,0.058085359367656256,0.06658717045654164,0.06933525646007281,0.06969032731109184,0.06815100353365394
1996-09,0.007799768172184043,0.015438553373915184,0.02264393186998441,0.025864232984320015,0.017936621600100913,0.05664353154598946,0.06343139716829904,0.06617249874843949,0.0672054396153352,0.06545141265365889
1996-10,0.005866851632791721,0.009360484171271222,0.015413620538341208,0.019215344885185545,0.012464075306897424,0.05437840895489511,0.0587121457526963,0.06147175109701511,0.06415513042785345,0.06158799145644514
1996-11,0.0018780331042226872,0.0014399051880731595,0.0017320362767122427,0.0015585937470904004,0.0016521420790246225,0.05353255926498919,0.05667150464306531,0.059165327091551964,0.059172387678244315,0.05934679407214258
1996-12,0.007044429100177128,0.013153750471919433,0.019739584498410366,0.0264857076646181,0.016605867933781257,0.054563191848077265,0.06115390607433147,0.06348288460836705,0.06369763221028563,0.06421366826467234
1997-01,0.01009397965932593,0.01997201074026901,0.02992071287766948,0.03970911006788655,0.024923953336287743,0.05472161256994859,0.06158513356882285,0.06368389302919401,0.06341585358310795,0.06567164950053389
1997-02,0.010901609739992442,0.01964501449387123,0.029587200684060212,0.037879376649286985,0.024503300391802717,0.055699548898095995,0.06406038680231699,0.06509985576597384,0.06525192475550495,0.06575982113416284
1997-03,0.014355552965638556,0.0266282983070903,0.03918650189095293,0.050541028553799654,0.03267784542937036,0.059112189925526144,0.06750335571858948,0.06925794939795202,0.0695053053461257,0.06780157804275316
1997-04,0.012427801552540606,0.022236742586166806,0.03310031160705281,0.04256254764733008,0.027581850848272575,0.058050357952034594,0.06572451153803613,0.06645664993446024,0.06765406291344059,0.06665590241875702
1997-05,0.01092049340622802,0.020728333664511593,0.03204329451317522,0.040206981543900226,0.025974775781953764,0.057699987931627485,0.0642716224005487,0.06602985532727931,0.06758116496210456,0.06516589745206836
1997-06,0.010285612285714459,0.019605679738860453,0.030537910655194962,0.03995832642130579,0.025096882275268916,0.05607860309083978,0.06365638514228569,0.06408224279710054,0.06713181399739465,0.06413496896867277
1997-07,0.0038416646197383525,0.00836372139735983,0.01278475340643312,0.016790691521418766,0.010445207736237517,0.05501666268587599,0.05789655196880786,0.058910258530845444,0.05983415078788165,0.059890330436283334
1997-08,0.010194580543578448,0.027441813864787924,0.040748369310267034,0.053376510753586896,0.032940318618055076,0.05718619915201454,0.060443011884081264,0.06337132901077133,0.06402449664060847,0.06156484878517243
1997-09,0.012847153842006506,0.0330504731961966,0.050459878750232515,0.0675313789815594,0.040972221192498756,0.055631628996115,0.058533713546708346,0.06000006111926598,0.062231111539323286,0.05910155306009504
1997-10,0.01428273104695179,0.03263733925528443,0.04439026376165988,0.05433705990036066,0.03641184849106419,0.05284529411990458,0.05797811855853561,0.058101994060783466,0.0577862671096008,0.054911585149816255
1997-11,0.013287030248196885,0.028920855365233436,0.04212143895455653,0.04743606995151703,0.032941348629875966,0.05479347153884262,0.05960345500770149,0.05888025658960523,0.05952023660176442,0.05497544096210208
1997-12,0.012997303463985171,0.02425058858245842,0.0338791457743675,0.04113844270910673,0.028066370132479455,0.054109476974154344,0.05737356323662475,0.05711179818379469,0.057467545098464606,0.055523600164587766
1998-01,0.009003326733075738,0.016389760039543358,0.02554412361654794,0.02988363371487142,0.020205211026009612,0.05149115390949692,0.05380586194825093,0.053467151445707475,0.05588325231031682,0.05093035982854027
1998-02,0.0074462379624516475,0.009628509072730065,0.012216065471253937,0.01064038819443737,0.009982800175218255,0.05315877706232454,0.05635645101209505,0.05530973856531597,0.05746764516893607,0.05320651721547939
1998-03,0.010202743473284488,0.015235496904793498,0.018587543163575686,0.017952733242047568,0.01549462919592531,0.053147802752950925,0.05698520405650027,0.05694710176226307,0.05644705137990644,0.053650776735014005
1998-04,0.009655664404948104,0.013156005062538952,0.016436460644103208,0.01631854922081675,0.013891669833101753,0.05329670998549551,0.056647708900834044,0.05679049389255458,0.05719366637847975,0.05415013468013832
1998-05,0.006276347110161291,0.005113401663350496,0.003470343985516662,-0.004040508940115893,0.002704895954728139,0.05335112899432067,0.05622201506899575,0.05626620411344094,0.05700221042134335,0.05115920548052097
1998-06,0.0028369593063263254,0.0019073134754441293,-0.0011117259500488183,-0.009663192683994425,-0.001507661463068197,0.053370772856571234,0.05476217534395455,0.05619958308106014,0.05471455320256194,0.05017008520882291
1998-07,0.0012551631853210607,-0.0015545327492289124,-0.004773093168413942,-0.013828119501440125,-0.00472514555844048,0.054054887349069505,0.054388201753223966,0.05541311877880836,0.05588439232129769,0.05359390251555832
1998-08,-0.00854450591291947,-0.01618428311013624,-0.027700738143877565,-0.04424270469366286,-0.024168057965149033,0.05024843134050282,0.046124095689561856,0.05071794119512936,0.04893670734185257,0.04677252477728969
1998-09,-0.013927066435687384,-0.026147724698008863,-0.042985065613007266,-0.06068388380481645,-0.035935935137879994,0.04568655970470183,0.039796741765075895,0.04482170598528737,0.04203005282876815,0.044962179775574374
1998-10,-0.015902476090463573,-0.029023095045191752,-0.044130292705242255,-0.05960802889946547,-0.03716597318509077,0.04369538751158382,0.03974738585245083,0.04603334260322535,0.044964789011115475,0.049752422534154045
1998-11,-0.014541512666815713,-0.029070036376326228,-0.0403155814478099,-0.061766442997191626,-0.03642339337203587,0.04631642475950461,0.04324643147256868,0.04631965301244133,0.04966080996514158,0.042315552788996125
1998-12,-0.01290866701210766,-0.029341649009336113,-0.04472714765126558,-0.06687184220068544,-0.0384623264683487,0.04437625977263958,0.045858513065321446,0.047838987906555525,0.04826430322984854,0.04318961756540521
1999-01,-0.01574676968249216,-0.03738482635500668,-0.05746809296040629,-0.08025203915865722,-0.047712932039140586,0.044802535215175195,0.046080718139239855,0.04672888873331224,0.04659084973021679,0.04220732756152326
1999-02,-0.007845475649050318,-0.02071517670376804,-0.032242202629576576,-0.04759841319253046,-0.02710031704373135,0.0489102130496434,0.053127467455037554,0.0548800887704122,0.05478219449229596,0.0487930888649005
1999-03,-0.010903889282918841,-0.022200505705035845,-0.030754140632814425,-0.03865907339107805,-0.02562940225296179,0.04678246058321578,0.05191434833075406,0.05309500512112425,0.05428558665654212,0.05256833638178443
1999-04,-0.01154273237593019,-0.02435653574758577,-0.033448381530455304,-0.0432313940315258,-0.028144760921374266,0.04699204449588594,0.053290153234963736,0.053913210796915495,0.05426804610342478,0.05503276619547989
1999-05,-0.005225210485417908,-0.015784713074554174,-0.02103426672869188,-0.028185019281666196,-0.01755730239258254,0.049945667958834455,0.05742914956025173,0.05864526809917718,0.058670058406153525,0.05747797725051995
1999-06,-0.006633853053175674,-0.010356933800330391,-0.01237039288354088,-0.012176186294481105,-0.010384341507882013,0.05192521603762822,0.05712922891194234,0.057733592628054886,0.05872155194276851,0.06262852435485794
1999-07,-0.005399475657124279,-0.00667728050809973,-0.006734872291265036,-0.0037887318622708485,-0.005650090079689973,0.053133038567902906,0.058222814713358335,0.05910295274048272,0.0626489288485845,0.06314477191590065
1999-08,-0.002911516955829911,-0.0027060045793631665,0.00187571314989593,0.005534408686637321,0.00044815007533504335,0.054668601602481326,0.05835771839234613,0.060453162375593894,0.06331449132707498,0.061775949257762586
1999-09,-0.004700962728931592,-0.001823871108452127,0.002408920393656394,0.0074199669780927735,0.0008260133835913622,0.05372380820076328,0.05704236424760885,0.05886739374376655,0.06266099796738356,0.06180938237989128
1999-10,-0.002891919775733859,0.0028299649542718533,0.009825015628147811,0.01620789129640505,0.0064927380257727135,0.0556498619429144,0.05915396155795353,0.06007198667116598,0.06523015872837726,0.06226643145603458
1999-11,0.0025383759794029154,0.010887971718047139,0.01979315129689186,0.030117960207253665,0.015834364800398897,0.057787944139384394,0.06084817672195184,0.060906355036625254,0.06376641433837785,0.06396420822351062
1999-12,0.009690747862688018,0.026779228461427676,0.04040939164825909,0.05867299162969815,0.03388808990051823,0.05876718007742911,0.06427196990378398,0.063649801871778,0.06533431211482507,0.06762835747102774
2000-01,0.02185398613386426,0.043764075448006715,0.05894998311656029,0.07879771554693511,0.05084144006134159,0.061827487821732016,0.06836694540582676,0.0666741163356164,0.0649912737597742,0.07129789232216738
2000-02,0.023597600408880127,0.046392585191551615,0.06147577560270726,0.0812993149700687,0.053191319043301925,0.06097294310408787,0.06774978982512991,0.0663092204181045,0.06414929942785438,0.06920071047428056
2000-03,0.02308006294885026,0.04347766392318793,0.05542189833083207,0.06803974644919199,0.04750484291301556,0.0628182376136729,0.06439162154324125,0.0628392215843207,0.06047326914004805,0.062073726620984926
2000-04,0.02639838628174135,0.044579041461616994,0.05563270211924884,0.06510516960449422,0.04792882486677535,0.06483288561089393,0.06672701416857107,0.06335989188629432,0.06481577869655039,0.06321483453686794
2000-05,0.03130955808081183,0.04891880487152746,0.05943015683563098,0.0653094185149009,0.0512419845757178,0.06265436004566964,0.06920477068831345,0.06391961206029123,0.06462872980349427,0.062190204919987724
2000-06,0.022787245737257503,0.03747638235674844,0.04454174412947723,0.047118065155722505,0.037980859344801415,0.06376308196511801,0.0614566733752096,0.060735011025979,0.062434317765798164,0.05945650929599702
2000-07,0.02582698965019506,0.047651230159113114,0.056683839179464734,0.0630133731860604,0.04829385804370833,0.06362229037048261,0.06038075759145817,0.06270652063174981,0.06019863148690646,0.05938258124573531
2000-08,0.02705073488386015,0.04694243662163764,0.05535035542442678,0.06232097391997777,0.04791612521247558,0.06126923534817604,0.06024764999912715,0.05873277359781588,0.058117253721021195,0.0581727265181968
2000-09,0.030701016269560462,0.05785258283555946,0.06828453004593893,0.07741964233485793,0.058564442871479196,0.06174332697654044,0.05599030212328709,0.05842820646527504,0.0567983357954549,0.05699252945111832
2000-10,0.03479492931742433,0.06521986880008668,0.0797529260335168,0.08870539723374823,0.06711828034619402,0.06204588133368739,0.054350101941160266,0.0582351080545013,0.055883555787777345,0.05472299256719046
2000-11,0.03210496244848455,0.050727780022399784,0.055587405680359046,0.054595823578945386,0.04825399293254719,0.05830980074254893,0.05255675929798103,0.054861234759533126,0.05363939931314882,0.05006718305180077
2000-12,0.02604230240214065,0.036992212306786794,0.03320992519274014,0.025925667726681652,0.03054252690708731,0.054581222041095966,0.04656132127303834,0.05170414892799366,0.049364757489588684,0.04739100478955047
2001-01,0.022001903417614842,0.03169155006951579,0.031687351159007386,0.025994352222902813,0.027843789217260204,0.046512959271962494,0.04476402702147395,0.04980536609122063,0.05145015989179255,0.049761371875042176
2001-02,0.021560197393756926,0.03190174489984488,0.033232762209210724,0.027628131999436513,0.028580709125562258,0.044152189416249786,0.04351423563543302,0.049066109016698736,0.04937717110691911,0.048813789955704706
2001-03,0.015327291586399172,0.01701512087740409,0.010225456337905961,0.0003162234279340398,0.010721023057410815,0.04131155859439099,0.042441620609983036,0.048529034732403914,0.049455878502625006,0.04939008037360526
2001-04,0.02269286921101793,0.034534617681687474,0.03696920959484097,0.03457213758139402,0.0321922085172351,0.04032862788682973,0.04517923670641867,0.05376211803891855,0.05374236705162255,0.05353522968375035
2001-05,0.023684913648522564,0.03692545057478141,0.044675598505420626,0.04602399023696604,0.03782748824142266,0.03789521260750162,0.0463103652695756,0.054117377839390746,0.05631094324071781,0.05416403015060403
2001-06,0.02652834657458772,0.04358447483856402,0.05424472367107824,0.06010572096278606,0.04611581651175401,0.0386694276379521,0.046045874406488066,0.055368955993069374,0.05688018826975175,0.056569328236576455
2001-07,0.023650677785176717,0.047615489754761285,0.059622341112541506,0.06726696328019338,0.04953886798316822,0.0345537679412631,0.04088228012283176,0.05116602246655484,0.053053047239139645,0.053866831567524615
2001-08,0.021416915272084926,0.04627473830456368,0.06320312150002802,0.07197778591304116,0.05071814024742945,0.03319691511526699,0.0388410718600384,0.049709334918232054,0.05120210802264581,0.051877440089041715
2001-09,0.01697958213816944,0.04398580952002275,0.06443329806952265,0.08181359277993883,0.05180307062691342,0.025289285853726626,0.03127663989927604,0.04636638858507544,0.04785741716219931,0.05207926884398162
2001-10,0.014444996252145351,0.03594513646217172,0.051101366177484925,0.06290760778515378,0.04109977666923895,0.019555172623735937,0.02781016857183897,0.04135049855434722,0.04577052136695901,0.04923663095135075
2001-11,0.02121616839317183,0.04424975657099951,0.05770394298019582,0.06332821004118548,0.046624519496388156,0.02045179684949648,0.0362384171856179,0.04877977365518955,0.05105876515321443,0.04858229178268633
2001-12,0.028668292355196467,0.06221558332614871,0.08759734040415554,0.10290066140803143,0.07034546937338304,0.020519018870897687,0.04075423902334751,0.05314704460363535,0.05467526225560895,0.05273011969838942
2002-01,0.02731382010065555,0.057695795683785175,0.08095515977093141,0.09603304374648815,0.06549945482546507,0.02276212360385911,0.040115719439319686,0.051454358802300953,0.05545437081114675,0.05613157861124121
2002-02,0.026431985229975016,0.05651326337745553,0.08320420724491857,0.10103643811776648,0.0667964734925289,0.02195403824167609,0.03872456151061079,0.04804615379755326,0.05441842016547892,0.054729521534874065
2002-03,0.03536410040403881,0.07333601316228701,0.10316743690903325,0.12555684080794727,0.08435609782082659,0.02711432902358386,0.046841205441399,0.05624554304212313,0.05929931328357718,0.06097589775264675
2002-04,0.03038585020081464,0.06370157249649808,0.08971413715566737,0.10769821131514001,0.07287494279203002,0.022486367495400734,0.04192036956824901,0.051307775138469056,0.055932301697197304,0.05750781780741793
2002-05,0.029266195863981676,0.06297934560691973,0.09354192023990887,0.11801137054923985,0.07594970806501253,0.02262545162105303,0.0408768409131319,0.04856079531007859,0.05281563841905862,0.05579797714675647
2002-06,0.02789113743856204,0.05850754180545353,0.08420227994932203,0.10350398283213455,0.06852623550636805,0.019517527831900344,0.038312827729093085,0.04621993943723752,0.05070833094486864,0.052837357894708364
2002-07,0.014946949193014297,0.033587845383967196,0.044315833834832966,0.0489260658169131,0.03544417355718189,0.017231602337655038,0.027201210496970277,0.041046195881359424,0.04622220939987273,0.050054951372898004
2002-08,0.01191686648006748,0.01978451362026559,0.025638881351233194,0.023045366709023473,0.020096407040147434,0.017424156587953477,0.024851511885753293,0.03427372482718148,0.04310277567602856,0.04466643134358682
2002-09,0.008785637067611096,0.017475359319223074,0.022049477265635248,0.0212802620579354,0.017397683927601205,0.014297057761106596,0.019360161203222134,0.027409928612699398,0.03469897413356545,0.03761025471751485
2002-10,0.007515760646968857,0.013978232108648798,0.01568377644468085,0.01573422890859321,0.01322799952722293,0.01336517231969362,0.019850358344320855,0.03061429165164581,0.0374303893436819,0.04252487215502157
2002-11,0.011276583643645132,0.022438772875573693,0.028807930090993014,0.03072083967515124,0.02331103157134077,0.015022248792446067,0.02574618547736187,0.03760457874401812,0.04295802472169667,0.0447681832561328
2002-12,0.007292407244648559,0.012146054540319133,0.015179935141534824,0.014593014607941622,0.012302852883611035,0.012085946668151042,0.019599753632683112,0.029293505177602118,0.03742679869451353,0.04201515451966793
2003-01,0.008749044365813738,0.01693886298768571,0.02355865252340384,0.027619693854137685,0.019216563432760243,0.012801899338664137,0.02107238321917132,0.03219500672400052,0.04105369463568448,0.0450442811196716
2003-02,0.0064566672429403026,0.012831742290642278,0.01818238011110621,0.02047257545355079,0.014485841274559895,0.012292576280635775,0.017964875650072737,0.02772747629801588,0.036897290662026155,0.04153922783029776
2003-03,0.0068176467378684175,0.01626893490165133,0.02626722697203812,0.032275087105917845,0.020407223929368928,0.011477105037360191,0.01827363028387493,0.029467889536830934,0.03858649385373277,0.04360232309315713
2003-04,0.001976182522898341,0.0018772600183706006,0.0006182636718916317,1.7179463260031877e-05,0.0011222214191051513,0.01153451936743437,0.01799205284278562,0.02991973703802802,0.03952374364794528,0.0454935848796654
2003-05,-0.003347770618867771,-0.013617474353900932,-0.02539538173110173,-0.035562734175783164,-0.0194808402199134,0.011610645049150227,0.014847645567140537,0.022253063786069477,0.0313285268374255,0.03761722938642974
2003-06,-0.004517280436899177,-0.0128318122267555,-0.02056067458180348,-0.02552408778978134,-0.015858463758809872,0.01042169029053104,0.015603535070346028,0.02501359280100014,0.03353565501189584,0.04056775976563211
2003-07,0.0019024290080958146,0.004660923909704741,0.009874396885004322,0.01840221428095621,0.008709991020940272,0.012254261303955979,0.02240529969040652,0.03549422094900696,0.04544471939081787,0.052606472903781676
2003-08,0.006967455562795167,0.01590197878630993,0.028972120847402083,0.04062585882516516,0.023116853505418086,0.012934645405685811,0.026406077686983373,0.03724840794506096,0.04725994598579654,0.05191660187626537
2003-09,-0.0028593932103249415,-0.0030339433956606213,0.001261052494471433,0.007250966349964928,0.0006546705596126995,0.01057452413561104,0.018720206361087413,0.03012485618715328,0.038379469925214696,0.04633977837135367
2003-10,0.0019750390717276235,0.00912452010247655,0.018443284679706545,0.0295940366129495,0.014784220116715055,0.012334597697352,0.024151820189965867,0.035724845007649844,0.04247441969110921,0.05023302100843449
2003-11,0.00020536693025018614,0.0033393618240818695,0.008460586795849814,0.015404537465307224,0.0068524632538722735,0.014469601833716742,0.026442389512089555,0.03658886750627735,0.04285527367197457,0.049058363003799454
2003-12,-0.0029743335243854925,-0.001991006454100594,0.0044363439689776366,0.01273827523875811,0.0030523198073124152,0.012307346388034553,0.024439857881931544,0.034392918093297836,0.042602075053261135,0.049502700341415753
2004-01,-0.005360254689839089,-0.006665992226483187,-0.002835290768167629,0.004889683382617709,-0.002492963575468049,0.01232333885335758,0.024005188102128545,0.03443390509996635,0.04098323978893775,0.047472035492688594
2004-02,-0.011132206930271357,-0.018586777132292544,-0.0202901790106323,-0.018003941939219094,-0.017003276253103824,0.011508208407132436,0.0213524012503139,0.031546652841562224,0.03924903248785318,0.04510100436245451
2004-03,-0.014097704291844534,-0.026384466904083675,-0.03139437635162566,-0.03284207632499757,-0.02617965596813786,0.01145598354600651,0.02001660137304802,0.02858820178334598,0.03759446295927741,0.042751253277373294
2004-04,-0.0035894603480292053,-0.0014330888552365403,0.0053775636612181585,0.0148260177139145,0.0037952580429667284,0.016015870319887278,0.03001865954255576,0.04078273999442425,0.046094669088297,0.04970516078584608
2004-05,-0.001181676612236452,0.004708405656299878,0.015571910881170454,0.028825622448156316,0.011981065593347549,0.01819541618600831,0.03252276752110264,0.043106434214626295,0.04778458183111117,0.05135648176870844
2004-06,-0.0015740074322565106,0.0026271663691404823,0.011544585552414222,0.02418344472751413,0.009195297304203081,0.020120815507245204,0.03332812459085646,0.04126451736694382,0.045531172973609965,0.05040881532509256
2004-07,-0.00597062873156777,-0.006388598933552737,-0.003897378404765721,0.002508282894781645,-0.003437080793776146,0.020502870682310707,0.03273572604739804,0.04023124641551829,0.044078655507829786,0.049407055210586165
2004-08,-0.008909101139945478,-0.013202154974640615,-0.010844276276266943,-0.003844591049974453,-0.009200030860206872,0.019438622124188207,0.028313884721546192,0.03418980392470439,0.040262863898502296,0.04560822707252611
2004-09,-0.010205559381821477,-0.017866320854509208,-0.01939351768302969,-0.018455675652699777,-0.016480268393015036,0.021579599571412356,0.03029940637248896,0.03408447403508264,0.04034986451586017,0.043221156359356167
2004-10,-0.014524577239668397,-0.024981781621982817,-0.03062399548391524,-0.03297074014332889,-0.025775273622223836,0.02217678111823824,0.028575363976900917,0.03315565511387922,0.039082269075191536,0.04235584052158023
2004-11,-0.010482702716283626,-0.01599419865860631,-0.01691783564446779,-0.015591796253811616,-0.014746633318292336,0.026237022581839367,0.03345487261244567,0.03773404870020663,0.042114412334342044,0.04570356489379038
2004-12,-0.010357491503854437,-0.016986759996304304,-0.01895600874071265,-0.018992837248291008,-0.0163232743722906,0.027414191406317037,0.03340959102301294,0.036174724630182904,0.04120076907163528,0.042943028519446286
2005-01,-0.009705854064093924,-0.016467745821668447,-0.02037359381251609,-0.022622938144867613,-0.01729253296078652,0.029365442791967636,0.03573964263661045,0.037152538330622195,0.039747061341903256,0.042645467714317126
2005-02,-0.007785913679217368,-0.012511052095983015,-0.015157025314853183,-0.015379461012481187,-0.012708363025633688,0.03248460818058526,0.03900122304358341,0.04095243436619293,0.042814767291041306,0.045246362097521614
2005-03,-0.007089987821279169,-0.011667633753061388,-0.014939379980012615,-0.01724790468180694,-0.012736226559040028,0.034114305664892555,0.04087496439558512,0.0426043724068194,0.0441989532507452,0.04577750844670009
2005-04,-0.010183681308833036,-0.017985986080549902,-0.02622519440734245,-0.03332573178276086,-0.021930148394871563,0.033608119890584966,0.038626368501631585,0.0392840165718423,0.04025670673314974,0.042334986494523524
2005-05,-0.013127855818760907,-0.02510862492389941,-0.036126639151117024,-0.04623706211550327,-0.03015004550232015,0.03370444413333909,0.037216351946089965,0.036921076606240597,0.03810277020172258,0.03951358623248338
2005-06,-0.014852020101773465,-0.028034930102612196,-0.04018741650130937,-0.051992367077792215,-0.03376668344587182,0.03490213202311297,0.03706334356554683,0.036613753790336226,0.03776995614999265,0.03738135711423968
2005-07,-0.009781407889573539,-0.01562938939917019,-0.02027536857892298,-0.02637874668706336,-0.01801622813868252,0.03870635477896581,0.04064921661750326,0.04158743497904277,0.0430013939110388,0.040959698055033605
2005-08,-0.010786326756363394,-0.01760850314246952,-0.024150084067206645,-0.0311918649139237,-0.020934194719990813,0.03722298586149167,0.038482857759399525,0.037904985200128624,0.03860854184623362,0.03892354639998666
2005-09,-0.006779319045518005,-0.008640722899971948,-0.010584449751606037,-0.013976441073430781,-0.009995233192631693,0.04050496575431044,0.04174523550777037,0.041877061344380656,0.04228331432902625,0.04113821509013074
2005-10,-0.004920921660284433,-0.004309143235123387,-0.0030188329266918543,-0.003340435339126084,-0.0038973332903064397,0.043099941216569314,0.04361285949619364,0.04472448293712396,0.044702585180993876,0.043637391309533924
2005-11,-0.004804763342986136,-0.004501929067172748,-0.0023107457614233926,-0.0012099181751742336,-0.0032068390866891276,0.04393757532872929,0.04324554464252931,0.043038049320203525,0.0443775255031342,0.0437227631033979
2005-12,-0.00684086478859499,-0.00872870876306387,-0.01083133156250355,-0.014271379317688355,-0.010168071107962692,0.043767082526867375,0.04280399312263277,0.04317001781604363,0.04297985702702464,0.04209927151326029
2006-01,-0.00593500228911345,-0.009358219477778554,-0.010186797603001743,-0.013949974259223799,-0.009857498407279387,0.04544549670070437,0.04391443008819672,0.0436529093327509,0.04489481204666865,0.042634370690124074
2006-02,-0.0027896859745783903,-0.00038386959490755573,0.0019534575522759043,0.0017674319212759512,0.00013683347601647737,0.04678713672280078,0.04567757278295858,0.045460740509911474,0.04546879779514962,0.043728087654419795
2006-03,-0.0012565507597029624,0.004472408361321893,0.008327473629535252,0.010495928480919008,0.005509814928018298,0.04796495221686429,0.04718201833860162,0.04747069947769643,0.04808603314849441,0.04699101356958277
2006-04,-0.001778885593531912,0.0049863693248762275,0.0114153332429857,0.015960739669680993,0.007645889161002752,0.04881004981046462,0.04708632134355917,0.04849591505994229,0.04943552386994193,0.04875063267720067
2006-05,-0.00074008089236903,0.001219237184619977,0.004223542123971809,0.006673823416890108,0.002844130458278216,0.05034420776485087,0.0489018457113791,0.04912078442894019,0.04962400919686963,0.05060403698943425
2006-06,0.0001575842754515458,0.003913004598183133,0.00464786632269721,0.0055719579368469566,0.003572603283294711,0.051915363667320295,0.04979666379117496,0.04992244254868983,0.04918630769072252,0.050604003893876676
2006-07,0.00013045071661838686,0.005805376391942722,0.00900931106126452,0.012280929957457588,0.0068065170318208044,0.0504306245070768,0.04743541648863942,0.04764737309079159,0.047063076163173984,0.049493117003076764
2006-08,0.0012300514160650255,0.007776502524822114,0.011853982762387284,0.01423982415015363,0.008775090213357014,0.04926918451576292,0.04472716158623475,0.045150122770970746,0.04596532724670371,0.046374602464517245
2006-09,0.003047212968371342,0.009321348163726977,0.011829019487628996,0.012039617386899994,0.009059299501656827,0.04852455455328838,0.0437384651988346,0.04422704118066034,0.044530206411955486,0.044848498485792476
2006-10,0.003742497992002783,0.009621523386489979,0.013777079156074172,0.014471985584073012,0.010403271529659986,0.04853378115647807,0.04411270451196291,0.04341227487256234,0.043958993721968154,0.04513389358539377
2006-11,0.011533687188602718,0.025196958420898405,0.03643497660682156,0.040610593678037335,0.028444053973590004,0.04805030798551545,0.04273521504439014,0.042186342197384846,0.04262193551714874,0.04374276047833975
2006-12,0.01225644003611559,0.02957661476834704,0.04492286270054452,0.05026603564607558,0.03425548828777068,0.04964485791122776,0.04505786179051251,0.04508247982646432,0.045539319268445094,0.046044476729261596
2007-01,0.02629189125464748,0.051255532771553924,0.07335516586047788,0.08558771034514788,0.05912257505795679,0.04984943237731017,0.047076126521416004,0.04572339017189184,0.04639754734634613,0.04803324871133954
2007-02,0.026227763579855824,0.05396123661689884,0.07490780833138624,0.0862449317440844,0.060335435068056324,0.04846725875753697,0.04305492413024064,0.04313147064796616,0.04391411328541975,0.04467286372451973
2007-03,0.027129287775611348,0.054257165332519196,0.07835023779022562,0.0864432363022227,0.06154498180014472,0.04843856909830458,0.041741740356671574,0.04423096788028105,0.04482255871819901,0.044345569487546255
2007-04,0.022627053532653735,0.039670360755687334,0.055128582944151655,0.060322275059054714,0.04443706807288686,0.04886520693709108,0.04173066014153415,0.04300655995183246,0.04420522625050538,0.04503435541659154
2007-05,0.024604665434821225,0.04150965826495851,0.05377817451799855,0.05918324005665499,0.044768934568608316,0.04964192660374813,0.04716146635195118,0.0466197042575178,0.04815375569651595,0.04805099219240977
2007-06,0.022503385051755295,0.0425100863272318,0.05702021722974704,0.0659373055446246,0.04699274853833968,0.04963907951572341,0.04616702222595824,0.04845144596620844,0.04967991227972693,0.049170398312632646
2007-07,0.01941527304122012,0.03602803183814708,0.04804314506391115,0.056372820418288186,0.03996481759039164,0.047304965772021035,0.041972447415467254,0.043859141493852186,0.046221498106883696,0.046386927943156686
2007-08,0.01695509138942742,0.033490889625898405,0.04563170906025978,0.05217022359542483,0.03706197841775261,0.043497110170169724,0.03860367166221366,0.04188784700913854,0.0439887610767509,0.043318390642582
2007-09,0.019885903746240774,0.04091755923622896,0.05602686381979963,0.06313054161430759,0.044990217104144234,0.04069125223046326,0.03795290598530471,0.04202253508805347,0.04463790058652148,0.045215290691077964
2007-10,0.023264456969345336,0.05069858539479998,0.06728462894318407,0.08094957498436708,0.05554931157292412,0.04037020651996013,0.03753324947807515,0.03980343795238396,0.04443898715739493,0.04474266798246898
2007-11,0.01997115291237955,0.04000982753505902,0.061483669152064074,0.08832475584821421,0.05244735136192921,0.031201527855787416,0.028523070965089162,0.031383917331225586,0.03956714340712397,0.03816686739377806
2007-12,0.023660501632366,0.04720219503917317,0.06872954606002886,0.09777626540380126,0.05934212703384231,0.03280142175439692,0.027762305094232866,0.030193071336247622,0.04070130378373053,0.0402935850146835
2008-01,0.015085969043641918,0.026178702870814575,0.04104299292910786,0.0582325115781578,0.03513504410543054,0.02078423526676852,0.020759748654985397,0.02429791425742217,0.03580070422666953,0.036855596281581596
2008-02,0.007642140262852929,0.019140144920763276,0.029940165743769766,0.04058935757158452,0.024327952124742622,0.016827160550384815,0.015397997610923142,0.022967541570932337,0.03333574031182157,0.03570451772234588
2008-03,0.010983954728293211,0.02227098785560674,0.03920356190542243,0.05448310576152124,0.0317354025627109,0.014612452581060222,0.017103090323373215,0.020729486260492584,0.03625257097554918,0.03377073037812468
2008-04,0.020886680705244413,0.036627044178405,0.05304811321556259,0.0634905461405299,0.043513096059935474,0.01910360660888041,0.025963252728798864,0.02874700406204106,0.03984066330168848,0.03738968865705834
2008-05,0.024748717289259817,0.04697831437251872,0.06623078815091236,0.07409268650740544,0.053012626580024085,0.022556800917129954,0.029714711427380514,0.03588523944347591,0.04264592665375333,0.040435842306608405
2008-06,0.02293150348083144,0.04107325096892578,0.05544277047335895,0.055912123864427635,0.04383991219688595,0.02366363717420295,0.028444744690731927,0.0351697813772117,0.04025330999775509,0.038888081211241765
2008-07,0.022508631044429975,0.038995538099452935,0.052037211718910584,0.056518838322436496,0.0425150547963075,0.022557174374247133,0.027246382696925225,0.03420638488111963,0.03805725258877965,0.040154507333951026
2008-08,0.021178643964624624,0.037649769451337564,0.050287127743369825,0.05424740576038817,0.04084073672993005,0.021648580272786235,0.025352048772667553,0.03184794164238953,0.03677987610741695,0.038877115001559076
2008-09,0.01681355845453072,0.03142038636019001,0.046106423886490666,0.05645901254626687,0.03769984531186957,0.018067002239063937,0.02099087959806528,0.02952859600295081,0.03811161289657,0.043045842102337264
2008-10,0.008334224598668408,0.022437781751011736,0.030668102007232294,0.051570636611948655,0.028252686242215275,0.014268792508729818,0.012369309526929315,0.02785294360901084,0.03107772194128597,0.056432593067391706
2008-11,0.008512016057421374,0.016683738600017158,0.008237924524365163,0.02523615064731432,0.014667457457279503,0.008551918052709613,0.011345242708546113,0.018093301790118924,0.011325780697627914,0.04705866025910836
2008-12,0.0016257454404550193,0.0031611686463413457,-0.01262059452626428,-0.013079183024389275,-0.005228215865964297,0.0041018034618668636,0.006651377929440453,0.01917395276287484,0.011246865670911096,0.03763093838961152
2009-01,0.010083631639639795,0.018340421192218414,0.01381612981194735,0.015212345741906063,0.014363132096427905,0.005673779611343482,0.013205180430249513,0.02093641416837624,0.019666077632531656,0.03508108348081808
2009-02,0.007803183502045486,0.017707147339561063,0.01829475090427873,0.01785844254650196,0.01541588107309681,0.007755857348070214,0.01146953691302199,0.02253571948881508,0.025055325894531126,0.03312162592351163
2009-03,0.004865527421479205,0.00868045153553843,0.0002297814285939729,-0.007914363769998897,0.0014653491539031779,0.006119135595080002,0.009442453133179056,0.01931999692573349,0.018491186522025867,0.030217447339227675
2009-04,0.008863153720345116,0.017515344750112564,0.018872254274004602,0.015612324725215884,0.015215769367419541,0.005076572023554451,0.013006640588880472,0.023419594264530885,0.02694725573209103,0.03312811861673916
2009-05,0.009972446015434766,0.02190044540222889,0.032786748669211996,0.042908882362460335,0.026892130612333996,0.0049659941381207,0.013655642360217005,0.023393452875359672,0.032573943950115335,0.04411029881403328
2009-06,0.013956307919629563,0.031492860296606806,0.05300923439527153,0.06623471241191459,0.04117327875585562,0.00551324120990049,0.017028033889117354,0.025883790493321922,0.03841872782017308,0.042738105679182584
2009-07,0.014934528259833702,0.03215876692525826,0.05434210009097327,0.07408233517817271,0.04387943261355949,0.00473775165249525,0.017719477826096668,0.025015578969322,0.03567288073042511,0.044606130036638325
2009-08,0.012895180228108098,0.03020749424523652,0.053971778027808184,0.0756964144816681,0.043192716745705226,0.004173404808042929,0.015376816155676591,0.024142517815384693,0.034916836984540726,0.04208543814050404
2009-09,0.011924800266652163,0.03006638519463603,0.051605647346585716,0.0747482097999381,0.042086260651953006,0.004177321143534559,0.014921768097291522,0.02342557537026934,0.03269325344256107,0.04218771396428635
2009-10,0.011065479861499358,0.030305515767024303,0.05674431741693304,0.07920635223838599,0.04433041632096067,0.004035084928260906,0.013749386456667508,0.022847401685065414,0.035530058462675346,0.0408428245255195
2009-11,0.006749116527843652,0.020808006230890803,0.03826986291508432,0.05497074548774061,0.03019943279038985,0.0028332266511247386,0.009921579247523142,0.01977159477327991,0.030060434136159206,0.03849391132389739
2009-12,0.01413131434451298,0.033152840860122906,0.05247696197009065,0.06914089580254185,0.04222550324431709,0.005025632488985434,0.017638529556988514,0.02702862884351672,0.038089526887736515,0.04824344746090041
2010-01,0.009566530605367218,0.026086947163561226,0.0414190960876728,0.05676977255250589,0.033460586602276784,0.0031215487906097175,0.012679624615797622,0.02419036901280272,0.033684867550859365,0.043933672057273956
2010-02,0.009498345242259707,0.02359658367882757,0.035690037592910576,0.04648761596451227,0.02881814561962753,0.003666353410976503,0.012631755651299505,0.02446772232981346,0.0335579342812884,0.04267730724229189
2010-03,0.012515068893899268,0.026232437498559403,0.041488340159937825,0.052100475643472255,0.033084080548967186,0.004576925711699851,0.015505072811674264,0.026941856628970324,0.038361592537820545,0.04408930831137847
2010-04,0.012514366440887784,0.028477714126823518,0.045823727728797524,0.05822939005835465,0.03626129958871587,0.0041434868685353565,0.014767403234763436,0.025590346208198993,0.036388048165527875,0.041718520694695185
2010-05,0.009608317740445651,0.02410680205851062,0.04326277209433726,0.053214924442578256,0.03254820408396795,0.0036831963447822393,0.011465453488565548,0.021687640683132232,0.03398816512078494,0.03523601427719661
2010-06,0.006465444530520562,0.016472842318263344,0.030126015053881804,0.03511813908481579,0.02204561024687038,0.00307172596948779,0.008347238116344679,0.016902353721508355,0.029512627662539523,0.03208059724509683
2010-07,0.005477615594831462,0.014331097751068642,0.02942230307644134,0.040853962919149056,0.022521244835372625,0.002784949566262965,0.007791340303897446,0.013489547564710103,0.024865894949438874,0.03188629250161517
2010-08,0.005402939236825596,0.013875307655685095,0.02814943943426289,0.03990164058519433,0.021832331727991976,0.002481635927568495,0.006830203798256268,0.011152553201969062,0.020360801686644128,0.026370881486648706
2010-09,0.0035080037574438403,0.011199570783515397,0.02273543561559448,0.034569502914514987,0.018003128267767177,0.002996967830639358,0.005283990442285472,0.011153991290611388,0.019045151510933958,0.025677513348411486
2010-10,0.0020046078967529742,0.007683016225263009,0.01885775385177274,0.02954223820538692,0.01452190404479391,0.0026839065951681524,0.0036073657795404673,0.00909125681276661,0.018380789704066564,0.02516722912600737
2010-11,0.003952542063419483,0.01299617146561198,0.027620464240093207,0.04382096172989702,0.022097534874755423,0.003172462719679491,0.005712705070232757,0.012598577451965682,0.0217930287512411,0.03069520512687616
2010-12,0.006348555280620051,0.021961369253834292,0.04657177406625462,0.07518606193436589,0.03751694013376872,0.0035072152124755356,0.00800710232790679,0.018765405777768772,0.031579513628449206,0.04017566832223359
2011-01,0.006142644320528093,0.021565002083419278,0.045455234630111495,0.07593334428723782,0.03727405633032417,0.003113094010430405,0.007669952454608711,0.018352718626747793,0.028582995592440864,0.04083946484843474
2011-02,0.008320134953148378,0.02571059827054764,0.05013235140738112,0.0797848169466733,0.04098697539443761,0.0031334104090397982,0.010369483893245596,0.0214644803672054,0.0318797288706902,0.04171169499929582
2011-03,0.011520746481137961,0.029561828766382393,0.05355645986784828,0.08029146531835296,0.0437326251084304,0.002990003917774998,0.013224488024310187,0.023105689876442126,0.03347717282784404,0.04197099460801977
2011-04,0.007803702013484364,0.023247542923665317,0.0458486438424093,0.07327143138174066,0.03754283004032491,0.002253036793875653,0.009626998522263256,0.01904203456355387,0.029312858365138056,0.039858373817852975
2011-05,0.005381234131611714,0.016434426748536155,0.03605168296154345,0.06282834029084992,0.03017392103313531,0.0018571357481198963,0.007189156365067262,0.014832195084958307,0.025283861928955608,0.03689205851724235
2011-06,0.004815043168420454,0.01655404625045196,0.036875820709405586,0.06312987225685214,0.030343695596282534,0.0018817935858241163,0.006894955933765573,0.015859454926921063,0.027088473214162835,0.03693665572559029
2011-07,0.0029505142233596108,0.010034262793619552,0.026176040943658024,0.048830941461947594,0.021997939855646194,0.0023137247090659844,0.004636065408472921,0.009774689624066177,0.020454632658907457,0.03131818138700497
2011-08,0.0007109551992908131,0.004025306239088247,0.014446767430043696,0.03048498220886185,0.012417002769321152,0.0014272645614306725,0.0026801847831095624,0.006086669908066336,0.014618680335717263,0.02422953393539388
2011-09,0.001460866688597426,0.006243399099094564,0.015066141980124011,0.027990806813799455,0.012690303645403864,0.001775986684841632,0.0034624242645398292,0.0075092866788548755,0.013843446049490983,0.021886723465654078
2011-10,0.0012258030799742548,0.004786257749835654,0.013689866509476897,0.025730339634016917,0.01135806674332593,0.001602757882787493,0.0034128484842565737,0.007206052077556833,0.014482744772393192,0.022742755523326393
2011-11,0.0014549919240816978,0.005494089861657575,0.014781648647107258,0.028265332421092682,0.012499015713484803,0.0017601630068132745,0.003554948049773185,0.007168735976759871,0.014494707637072344,0.021794750851928127
2011-12,0.001188616835659006,0.0050674785428514585,0.010611095499496452,0.019738180419806923,0.00915134282445346,0.0016585470472867399,0.0031525918045545317,0.0069691088160288685,0.011561380454122338,0.019729560858633335
2012-01,0.0015049728199743124,0.0022543374488868066,0.005320459122876174,0.00866741589611353,0.004436796321962706,0.0015273081340806181,0.0029303608638566077,0.004692763045748649,0.01036135519130842,0.01678349663647469
2012-02,0.0024709291695719656,0.006614788363022251,0.012894648522002951,0.019625643365052483,0.010401502354912412,0.0020493489400972187,0.004074017049806134,0.007457975733856719,0.012059229460003632,0.018333808527624475
2012-03,0.003742499864517121,0.009583130983642473,0.01880678736175152,0.029002956491602474,0.015283843675378397,0.001703741543172226,0.005064607591197693,0.00948254172637816,0.015235989157515086,0.021767081145212648
2012-04,0.0025347166569812175,0.005924366381727643,0.013055859503363746,0.020459185735324306,0.010493532069349228,0.0018232965087788921,0.0035981936533729182,0.006711757446394068,0.012435586278521609,0.01691032604699095
2012-05,0.0024416571157937004,0.003306782567078248,0.0040185406382192285,0.0012005162526756625,0.0027418741434417095,0.0018079222334555479,0.0037790024680338682,0.0056666057159483136,0.010115401187935883,0.012352306123272185
2012-06,0.002558026547868554,0.003583855355777028,0.000721765729271193,-0.00819458011313415,-0.0003327331200543436,0.0020799127653451186,0.004120451844889555,0.006766698755209213,0.010682604178143726,0.013276311514815939
2012-07,0.001160703441209988,0.0006545255488622653,-0.00293736605905719,-0.012956234110359812,-0.003519592794836187,0.0016855511851133103,0.002690941053806236,0.004312854508868985,0.008663280868715402,0.01251596330106828
2012-08,0.0011772852249970589,-0.001248397976383531,-0.009503190125590536,-0.023707472270474064,-0.008320443786862768,0.0019692295838187493,0.0027723188682689027,0.004197219144761814,0.008191319156575727,0.01289409325709704
2012-09,0.0015243486082804278,0.0013419286065594511,-0.00275287523409544,-0.012659231574860753,-0.0031364573985290783,0.0020015575759424033,0.0027267542683577376,0.005020703168461536,0.008962058631978635,0.012850201898399215
2012-10,0.0023484448560822492,0.003132225022335162,0.0015809229211091137,-0.005564961668749331,0.00037415778269429844,0.002187045404282319,0.0036455974076954334,0.005579136012751948,0.010702282398786374,0.014555401300435093
2012-11,0.0014811293940290636,0.0025471811369318065,-0.0008563140665738393,-0.0112120654413804,-0.0020100172442483423,0.002099956125691487,0.003129638039183994,0.005207148851622662,0.008311067077942701,0.012496569179564803
2012-12,0.0014048641884489318,0.0012671410736355563,-0.004410986378174524,-0.018593244916762335,-0.005083056508213093,0.0019639749688955257,0.0030902471088364155,0.006017763497477345,0.010602475938322864,0.014552782615236622
2013-01,0.002992564206757222,0.0046221239090772975,0.003155417119195236,-0.0027360142719211698,0.0020085227407771462,0.0014253880438822952,0.003943398416836155,0.007295233517319052,0.013436539863237335,0.01823373547382319
2013-02,0.0021357082005803866,0.0026916911034146895,-0.0007017515888058364,-0.009163617832402724,-0.001259492529303371,0.0016030878802341683,0.0033141165404064338,0.005779369301022932,0.011602813684574944,0.016052386771288542
2013-03,0.0023821627305674027,0.001226153239581979,-0.005828778210049917,-0.01754934337063152,-0.004942451402633014,0.001322107726680572,0.003641910607252806,0.00601233277940604,0.011570912015361692,0.0159197362894258
2013-04,0.0023076981840443327,0.00038615597469138186,-0.008051236155043924,-0.02049311807764757,-0.006462625018488944,0.0010634769963917012,0.0033221077216476426,0.005304093156885505,0.009506999815030389,0.014756115562818816
2013-05,0.0038243635738769476,0.00675783925132638,0.005067727804589809,0.0012641278546789809,0.0042285146211180295,0.0013373453522401676,0.004801480264663766,0.009403643116794903,0.015170330508815751,0.020632571828318635
2013-06,0.004565246597804219,0.01011150793223414,0.014595868794099014,0.016401380887846397,0.011418501052995942,0.0015624252970210008,0.005740869947300739,0.01354469380464956,0.02219265735722128,0.027597930222067704
2013-07,0.003381331507242541,0.0064758296520619155,0.008416167737359388,0.008373136296778043,0.006661616298360472,0.0015302376125962483,0.004819032401216707,0.012255172476634858,0.0225348313523709,0.02896527991062222
2013-08,0.0054704543279930394,0.012777912643829964,0.020773472507612377,0.025665293470690995,0.016171783237531594,0.0015950336432718438,0.006622902346142404,0.016446111305782732,0.027098375401980568,0.031466676623534896
2013-09,0.003860606812823063,0.006467518010123209,0.008128774232796584,0.007527408450736405,0.006496076876619815,0.00120240566007731,0.005203123170182513,0.013056862472633525,0.022756558239164528,0.027364072467144188
2013-10,0.0034809977035545315,0.006839134805950803,0.009629141371875493,0.010533805507708553,0.007620769847272345,0.0012971525516131846,0.004795355846499035,0.012253584500012422,0.021701285890293538,0.026849264605944133
2013-11,0.002424215500960742,0.006233409208050731,0.011704586630218262,0.01671844459432851,0.009270163983389562,0.00164850864515493,0.004141097108719919,0.011714562281448347,0.022852320554371364,0.02845170586014637
2013-12,0.0035519065689465783,0.008754454921726136,0.017922473242638588,0.027054651959634485,0.014320871673236448,0.0016853829203874837,0.00615548661229072,0.016280603390132944,0.02873504115382443,0.034897044410059475
2014-01,0.004052005636593344,0.011411822023123155,0.02148894559752349,0.033598144500633656,0.01763772943946841,0.0009508342100789325,0.005665673814998977,0.014903246653119397,0.024125166864939596,0.029766741155417317
2014-02,0.002870713106893974,0.007514039373673947,0.013623257365370962,0.021520252417821274,0.01138206556594004,0.0011784083398260472,0.005223386398188629,0.01499625637679547,0.02451425301488543,0.030394633236562413
2014-03,0.004572477321743736,0.014451798824209751,0.02641433672442165,0.038187659671535326,0.020906568135477616,0.0012597478766854034,0.007168342270391464,0.01862584346499359,0.027640301450007402,0.032252192607710166
2014-04,0.0049425938005799325,0.013471927190364453,0.024685373108013147,0.034533615496259364,0.019408377398804223,0.0010144095376033097,0.007225635366238456,0.017944391944765693,0.02719799748542246,0.031236197924009404
2014-05,0.0037861171398250997,0.011046074635573137,0.019068535300689294,0.025785255206701035,0.014921495570697142,0.0009771166907868187,0.00647016743934547,0.01686044195555232,0.024436171778229463,0.029054799316881208
2014-06,0.004552759647718147,0.012758365019959937,0.020659160529952647,0.025750346850543195,0.01593015801204348,0.00117562334949652,0.00799843247021964,0.017708296495356407,0.02579241812832032,0.029779798698864768
2014-07,0.0055260039852492665,0.01629866332559646,0.028928295200778147,0.03448019370852962,0.021308289055038374,0.0014377008939741663,0.009160674331815484,0.02059449326707343,0.029008311351203565,0.028663100055710572
2014-08,0.004704929143212745,0.01301947042626546,0.021955037161094156,0.025728370274754865,0.016351951751331806,0.0011524480181493645,0.009138652989945808,0.019102815538198155,0.026574855660456278,0.026630630280342432
2014-09,0.006542218188221659,0.01886056139932398,0.03214042493733172,0.040034100593465655,0.024394326279585755,0.0013425163573594497,0.01044995127533338,0.021095302016491152,0.027965438249204368,0.028259819094779766
2014-10,0.004149434051337166,0.012698837452083975,0.022683757832585544,0.026064264346220094,0.016399073420556697,0.001314358142944503,0.00889544739761615,0.018911279324368847,0.025944600470111073,0.02647687785963971
2014-11,0.000703336734890493,0.006361626280039927,0.011935081311408347,0.013307926776915602,0.008076992775813592,0.001716881607759177,0.007905368574358359,0.017381143132203833,0.023437847896036125,0.024339006690827406
2014-12,0.003987812206170413,0.00941076135941096,0.016574669958649223,0.015983656681593378,0.011489225051455993,0.002603580043344142,0.011078055037353386,0.01956702283291198,0.025764865693063577,0.023793215300583523
2015-01,0.0022151373405102067,0.005558365595491714,0.009439780841911282,0.008349173509130139,0.006390614321760835,0.0016136681784056325,0.007543430266589586,0.01404804329053926,0.017657542252307153,0.017443585808154832
2015-02,0.004023014459505522,0.013088613818385213,0.024020615373874486,0.027810645583189443,0.01723572230873867,0.002352673291294654,0.010352930110015496,0.018405035023188413,0.0224976381841121,0.021921152502489306
2015-03,0.0028941951817206724,0.009756668053311884,0.018948375949423963,0.023355895046430455,0.013738783557721745,0.0025958649486477283,0.008746521962527572,0.015677763549795505,0.02047886966059649,0.02137207411470595
2015-04,0.0038810681786476038,0.009744033784485701,0.018570695134806376,0.023183954532094663,0.013844937907508587,0.0022830415656585235,0.009415058554981174,0.015984551567773765,0.021387955535763187,0.022952991723105734
2015-05,0.002680571521998499,0.008399843837545624,0.017433220152017544,0.022201919451031445,0.012678888740648278,0.002684050299520371,0.009600484459804284,0.016413711113113304,0.022338079410869467,0.02423947966999944
2015-06,0.004404166648685813,0.015613306138830546,0.031190214404140243,0.04423716902787148,0.02386121405488202,0.0034456728225014926,0.009502691123114616,0.017891622618327614,0.02468861237827422,0.027807385584664127
2015-07,0.0037968547289506487,0.01311967729931134,0.026496306905642544,0.03671526362639346,0.0200320256400745,0.0036346703465662163,0.009821833926726236,0.01637867947602188,0.023111201547959096,0.024765560048877824
2015-08,0.004025077966889096,0.012035652409661753,0.02311176861403395,0.02946563951860604,0.017159534627297707,0.0044337238467330635,0.010788274255145437,0.017639288925627584,0.022857297166681723,0.02335779172613074
2015-09,0.0021571439254522767,0.007846360650132868,0.0169291255808454,0.02233439674737144,0.012316756725950496,0.0039077330871117215,0.008776958805388826,0.014685574711196631,0.02036614343864583,0.021272755508741775
2015-10,0.0033878115283631893,0.009122259197572466,0.019400811723977753,0.024219555105259735,0.014032609388793285,0.004746013346278985,0.010361875923622038,0.015959680089609504,0.02309637134600516,0.02303438029364497
2015-11,0.0028256968044023103,0.007280193158639147,0.010543532855239662,0.007809748570014613,0.007114792847073933,0.007202031839467865,0.0117228535870544,0.017864392864667705,0.02296616122532015,0.024174756362441874
